[
  {
    "Name": "JumbDeathSandStream",
    "Format": "CMPR",
    "AlphaSetting": 1,
    "WrapS": "Repeat",
    "WrapT": "Repeat",
    "PaletteFormat": "IA8",
    "MipMap": 1,
    "EdgeLOD": false,
    "BiasClamp": false,
    "MaxAniso": 0,
    "MinFilter": "LinearMipmapLinear",
    "MagFilter": "Linear",
    "MinLOD": 0.0,
    "MaxLOD": 3.0,
    "LodBias": 0.0
  },
  {
    "Name": "JumbDeathSandIndBend",
    "Format": "I4",
    "AlphaSetting": 2,
    "WrapS": "Repeat",
    "WrapT": "Repeat",
    "PaletteFormat": "IA8",
    "MipMap": 0,
    "EdgeLOD": false,
    "BiasClamp": false,
    "MaxAniso": 0,
    "MinFilter": "Linear",
    "MagFilter": "Linear",
    "MinLOD": 0.0,
    "MaxLOD": 0.0,
    "LodBias": 0.0
  }
]  