[
  {
    "Name": "Fall",
    "Format": "I4",
    "AlphaSetting": 2,
    "WrapS": "Repeat",
    "WrapT": "Repeat",
    "PaletteFormat": "IA8",
    "MipMap": 0,
    "EdgeLOD": false,
    "BiasClamp": false,
    "MaxAniso": 0,
    "MinFilter": "Linear",
    "MagFilter": "Linear",
    "MinLOD": 0.0,
    "MaxLOD": 0.0,
    "LodBias": 0.0
  },
  {
    "Name": "WaterIndirect",
    "Format": "I8",
    "AlphaSetting": 2,
    "WrapS": "Repeat",
    "WrapT": "Repeat",
    "PaletteFormat": "IA8",
    "MipMap": 0,
    "EdgeLOD": false,
    "BiasClamp": false,
    "MaxAniso": 0,
    "MinFilter": "Linear",
    "MagFilter": "Linear",
    "MinLOD": 0.0,
    "MaxLOD": 0.0,
    "LodBias": 0.0
  },
  {
    "Name": "BigFall",
    "Format": "I8",
    "AlphaSetting": 2,
    "WrapS": "Repeat",
    "WrapT": "Repeat",
    "PaletteFormat": "IA8",
    "MipMap": 0,
    "EdgeLOD": false,
    "BiasClamp": false,
    "MaxAniso": 0,
    "MinFilter": "Linear",
    "MagFilter": "Linear",
    "MinLOD": 0.0,
    "MaxLOD": 0.0,
    "LodBias": 0.0
  },
  {
    "Name": "FarOpacitySea",
    "Format": "I8",
    "AlphaSetting": 2,
    "WrapS": "Repeat",
    "WrapT": "Repeat",
    "PaletteFormat": "IA8",
    "MipMap": 0,
    "EdgeLOD": false,
    "BiasClamp": false,
    "MaxAniso": 0,
    "MinFilter": "Linear",
    "MagFilter": "Linear",
    "MinLOD": 0.0,
    "MaxLOD": 0.0,
    "LodBias": 0.0
  }
]