[
  {
    "Name": "FallMat_v",
    "Flag": 1,
    "CullMode": "None",
    "ZCompLoc": true,
    "Dither": false,
    "TextureNames": [
      "BigFall:0",
      "BigFall:0",
      "FarOpacitySea:0",
      "",
      "",
      "",
      "",
      ""
    ],
    "IndTexEntry": {
      "HasLookup": true,
      "IndTexStageNum": 1,
      "TevOrders": [
        {
          "TexCoord": "TexCoord2",
          "TexMap": "TexMap2"
        },
        {
          "TexCoord": "Null",
          "TexMap": "Null"
        },
        {
          "TexCoord": "Null",
          "TexMap": "Null"
        },
        {
          "TexCoord": "Null",
          "TexMap": "Null"
        }
      ],
      "Matrices": [
        {
          "Matrix": [
            [
              0.5,
              0.0,
              0.0
            ],
            [
              0.0,
              0.5,
              0.0
            ]
          ],
          "Exponent": 254
        },
        {
          "Matrix": [
            [
              0.5,
              0.0,
              0.0
            ],
            [
              0.0,
              0.5,
              0.0
            ]
          ],
          "Exponent": 1
        },
        {
          "Matrix": [
            [
              0.5,
              0.0,
              0.0
            ],
            [
              0.0,
              0.5,
              0.0
            ]
          ],
          "Exponent": 1
        }
      ],
      "Scales": [
        {
          "ScaleS": "ITS_1",
          "ScaleT": "ITS_1"
        },
        {
          "ScaleS": "ITS_1",
          "ScaleT": "ITS_1"
        },
        {
          "ScaleS": "ITS_1",
          "ScaleT": "ITS_1"
        },
        {
          "ScaleS": "ITS_1",
          "ScaleT": "ITS_1"
        }
      ],
      "TevStages": [
        {
          "TevStage": "TevStage0",
          "IndTexFormat": "ITF_8",
          "IndTexBiasSel": 7,
          "IndTexMtxId": "ITM_0",
          "IndTexWrapS": "ITW_OFF",
          "IndTexWrapT": "ITW_OFF",
          "AddPrev": false,
          "UtcLod": false,
          "AlphaSel": "ITBA_OFF"
        },
        {
          "TevStage": "TevStage0",
          "IndTexFormat": "ITF_8",
          "IndTexBiasSel": 7,
          "IndTexMtxId": "ITM_0",
          "IndTexWrapS": "ITW_OFF",
          "IndTexWrapT": "ITW_OFF",
          "AddPrev": false,
          "UtcLod": false,
          "AlphaSel": "ITBA_OFF"
        },
        {
          "TevStage": "TevStage0",
          "IndTexFormat": "ITF_8",
          "IndTexBiasSel": "ITB_S",
          "IndTexMtxId": "ITM_OFF",
          "IndTexWrapS": "ITW_OFF",
          "IndTexWrapT": "ITW_OFF",
          "AddPrev": false,
          "UtcLod": false,
          "AlphaSel": "ITBA_OFF"
        },
        {
          "TevStage": "TevStage0",
          "IndTexFormat": "ITF_8",
          "IndTexBiasSel": "ITB_S",
          "IndTexMtxId": "ITM_OFF",
          "IndTexWrapS": "ITW_OFF",
          "IndTexWrapT": "ITW_OFF",
          "AddPrev": false,
          "UtcLod": false,
          "AlphaSel": "ITBA_OFF"
        },
        {
          "TevStage": "TevStage0",
          "IndTexFormat": "ITF_8",
          "IndTexBiasSel": "ITB_S",
          "IndTexMtxId": "ITM_OFF",
          "IndTexWrapS": "ITW_OFF",
          "IndTexWrapT": "ITW_OFF",
          "AddPrev": false,
          "UtcLod": false,
          "AlphaSel": "ITBA_OFF"
        },
        {
          "TevStage": "TevStage0",
          "IndTexFormat": "ITF_8",
          "IndTexBiasSel": "ITB_S",
          "IndTexMtxId": "ITM_OFF",
          "IndTexWrapS": "ITW_OFF",
          "IndTexWrapT": "ITW_OFF",
          "AddPrev": false,
          "UtcLod": false,
          "AlphaSel": "ITBA_OFF"
        },
        {
          "TevStage": "TevStage0",
          "IndTexFormat": "ITF_8",
          "IndTexBiasSel": "ITB_S",
          "IndTexMtxId": "ITM_OFF",
          "IndTexWrapS": "ITW_OFF",
          "IndTexWrapT": "ITW_OFF",
          "AddPrev": false,
          "UtcLod": false,
          "AlphaSel": "ITBA_OFF"
        },
        {
          "TevStage": "TevStage0",
          "IndTexFormat": "ITF_8",
          "IndTexBiasSel": "ITB_S",
          "IndTexMtxId": "ITM_OFF",
          "IndTexWrapS": "ITW_OFF",
          "IndTexWrapT": "ITW_OFF",
          "AddPrev": false,
          "UtcLod": false,
          "AlphaSel": "ITBA_OFF"
        },
        {
          "TevStage": "TevStage0",
          "IndTexFormat": "ITF_8",
          "IndTexBiasSel": "ITB_S",
          "IndTexMtxId": "ITM_OFF",
          "IndTexWrapS": "ITW_OFF",
          "IndTexWrapT": "ITW_OFF",
          "AddPrev": false,
          "UtcLod": false,
          "AlphaSel": "ITBA_OFF"
        },
        {
          "TevStage": "TevStage0",
          "IndTexFormat": "ITF_8",
          "IndTexBiasSel": "ITB_S",
          "IndTexMtxId": "ITM_OFF",
          "IndTexWrapS": "ITW_OFF",
          "IndTexWrapT": "ITW_OFF",
          "AddPrev": false,
          "UtcLod": false,
          "AlphaSel": "ITBA_OFF"
        },
        {
          "TevStage": "TevStage0",
          "IndTexFormat": "ITF_8",
          "IndTexBiasSel": "ITB_S",
          "IndTexMtxId": "ITM_OFF",
          "IndTexWrapS": "ITW_OFF",
          "IndTexWrapT": "ITW_OFF",
          "AddPrev": false,
          "UtcLod": false,
          "AlphaSel": "ITBA_OFF"
        },
        {
          "TevStage": "TevStage0",
          "IndTexFormat": "ITF_8",
          "IndTexBiasSel": "ITB_S",
          "IndTexMtxId": "ITM_OFF",
          "IndTexWrapS": "ITW_OFF",
          "IndTexWrapT": "ITW_OFF",
          "AddPrev": false,
          "UtcLod": false,
          "AlphaSel": "ITBA_OFF"
        },
        {
          "TevStage": "TevStage0",
          "IndTexFormat": "ITF_8",
          "IndTexBiasSel": "ITB_S",
          "IndTexMtxId": "ITM_OFF",
          "IndTexWrapS": "ITW_OFF",
          "IndTexWrapT": "ITW_OFF",
          "AddPrev": false,
          "UtcLod": false,
          "AlphaSel": "ITBA_OFF"
        },
        {
          "TevStage": "TevStage0",
          "IndTexFormat": "ITF_8",
          "IndTexBiasSel": "ITB_S",
          "IndTexMtxId": "ITM_OFF",
          "IndTexWrapS": "ITW_OFF",
          "IndTexWrapT": "ITW_OFF",
          "AddPrev": false,
          "UtcLod": false,
          "AlphaSel": "ITBA_OFF"
        },
        {
          "TevStage": "TevStage0",
          "IndTexFormat": "ITF_8",
          "IndTexBiasSel": "ITB_S",
          "IndTexMtxId": "ITM_OFF",
          "IndTexWrapS": "ITW_OFF",
          "IndTexWrapT": "ITW_OFF",
          "AddPrev": false,
          "UtcLod": false,
          "AlphaSel": "ITBA_OFF"
        },
        {
          "TevStage": "TevStage0",
          "IndTexFormat": "ITF_8",
          "IndTexBiasSel": "ITB_S",
          "IndTexMtxId": "ITM_OFF",
          "IndTexWrapS": "ITW_OFF",
          "IndTexWrapT": "ITW_OFF",
          "AddPrev": false,
          "UtcLod": false,
          "AlphaSel": "ITBA_OFF"
        }
      ]
    },
    "MaterialColors": [
      {
        "R": 0.8,
        "G": 0.8,
        "B": 0.8,
        "A": 0.470588237
      },
      {
        "R": 0.8,
        "G": 0.8,
        "B": 0.8,
        "A": 0.470588237
      }
    ],
    "ChannelControls": [
      {
        "Enable": false,
        "MaterialSrcColor": "Vertex",
        "LitMask": "None",
        "DiffuseFunction": "Clamp",
        "AttenuationFunction": "Spec",
        "AmbientSrcColor": "Register"
      },
      {
        "Enable": false,
        "MaterialSrcColor": "Vertex",
        "LitMask": "None",
        "DiffuseFunction": "Clamp",
        "AttenuationFunction": "Spec",
        "AmbientSrcColor": "Register"
      },
      {
        "Enable": true,
        "MaterialSrcColor": "Register",
        "LitMask": "None",
        "DiffuseFunction": "Signed",
        "AttenuationFunction": "None_0",
        "AmbientSrcColor": "Register"
      },
      {
        "Enable": false,
        "MaterialSrcColor": "Register",
        "LitMask": "None",
        "DiffuseFunction": "None",
        "AttenuationFunction": "None_2",
        "AmbientSrcColor": "Register"
      }
    ],
    "AmbientColors": [
      {
        "R": 0.392156869,
        "G": 0.392156869,
        "B": 0.392156869,
        "A": 0.7647059
      },
      {
        "R": 0.0,
        "G": 0.0,
        "B": 0.0,
        "A": 0.0
      }
    ],
    "LightingColors": [
      null,
      null,
      null,
      null,
      null,
      null,
      null,
      null
    ],
    "TexCoord1Gens": [
      {
        "Type": "Matrix2x4",
        "Source": "Tex0",
        "TexMatrixSource": "TexMtx0"
      },
      {
        "Type": "Matrix2x4",
        "Source": "Tex0",
        "TexMatrixSource": "TexMtx1"
      },
      {
        "Type": "Matrix2x4",
        "Source": "Tex0",
        "TexMatrixSource": "TexMtx2"
      },
      null,
      null,
      null,
      null,
      null
    ],
    "PostTexCoordGens": [
      null,
      null,
      null,
      null,
      null,
      null,
      null,
      null
    ],
    "TexMatrix1": [
      {
        "Projection": "Matrix2x4",
        "Type": 0,
        "EffectTranslation": [
          0.5,
          0.5,
          0.5
        ],
        "Scale": [
          1.0,
          0.678710938
        ],
        "Rotation": 0.0,
        "Translation": [
          0.415,
          -3.32
        ],
        "ProjectionMatrix": [
          [
            1.0,
            0.0,
            0.0,
            0.0
          ],
          [
            0.0,
            1.0,
            0.0,
            0.0
          ],
          [
            0.0,
            0.0,
            1.0,
            0.0
          ],
          [
            0.0,
            0.0,
            0.0,
            1.0
          ]
        ]
      },
      {
        "Projection": "Matrix2x4",
        "Type": 0,
        "EffectTranslation": [
          0.5,
          0.5,
          0.5
        ],
        "Scale": [
          1.0,
          0.209960938
        ],
        "Rotation": 0.0,
        "Translation": [
          0.0,
          -2.49
        ],
        "ProjectionMatrix": [
          [
            1.0,
            0.0,
            0.0,
            0.0
          ],
          [
            0.0,
            1.0,
            0.0,
            0.0
          ],
          [
            0.0,
            0.0,
            1.0,
            0.0
          ],
          [
            0.0,
            0.0,
            0.0,
            1.0
          ]
        ]
      },
      {
        "Projection": "Matrix2x4",
        "Type": 0,
        "EffectTranslation": [
          0.5,
          0.5,
          0.5
        ],
        "Scale": [
          0.8642578,
          0.1
        ],
        "Rotation": 0.0,
        "Translation": [
          0.0,
          -1.245
        ],
        "ProjectionMatrix": [
          [
            1.0,
            0.0,
            0.0,
            0.0
          ],
          [
            0.0,
            1.0,
            0.0,
            0.0
          ],
          [
            0.0,
            0.0,
            1.0,
            0.0
          ],
          [
            0.0,
            0.0,
            0.0,
            1.0
          ]
        ]
      },
      null,
      null,
      null,
      null,
      null,
      null,
      null
    ],
    "PostTexMatrix": [
      null,
      null,
      null,
      null,
      null,
      null,
      null,
      null,
      null,
      null,
      null,
      null,
      null,
      null,
      null,
      null,
      null,
      null,
      null,
      null
    ],
    "TevOrders": [
      {
        "TexCoord": "TexCoord0",
        "TexMap": "TexMap0",
        "ChannelId": "Color0A0"
      },
      {
        "TexCoord": "TexCoord1",
        "TexMap": "TexMap1",
        "ChannelId": "Color0A0"
      },
      null,
      null,
      null,
      null,
      null,
      null,
      null,
      null,
      null,
      null,
      null,
      null,
      null,
      null
    ],
    "ColorSels": [
      "KCSel_K0",
      "KCSel_K1",
      "KCSel_K0",
      "KCSel_K0",
      "KCSel_K0",
      "KCSel_K0",
      "KCSel_K0",
      "KCSel_K0",
      "KCSel_K0",
      "KCSel_K0",
      "KCSel_K0",
      "KCSel_K0",
      "KCSel_K0",
      "KCSel_K0",
      "KCSel_K0",
      "KCSel_K0"
    ],
    "AlphaSels": [
      "KASel_K0_A",
      "KASel_K0_A",
      "KASel_K0_A",
      "KASel_K0_A",
      "KASel_K0_A",
      "KASel_K0_A",
      "KASel_K0_A",
      "KASel_K0_A",
      "KASel_K0_A",
      "KASel_K0_A",
      "KASel_K0_A",
      "KASel_K0_A",
      "KASel_K0_A",
      "KASel_K0_A",
      "KASel_K0_A",
      "KASel_K0_A"
    ],
    "TevColors": [
      {
        "R": 1.0,
        "G": 1.0,
        "B": 1.0,
        "A": 0.156862751
      },
      {
        "R": 1.0,
        "G": 1.0,
        "B": 1.0,
        "A": 1.0
      },
      {
        "R": 1.0,
        "G": 1.0,
        "B": 1.0,
        "A": 1.0
      },
      {
        "R": 0.0,
        "G": 0.0,
        "B": 0.0,
        "A": 0.0
      },
      null,
      null,
      null,
      null,
      null,
      null,
      null,
      null,
      null,
      null,
      null,
      null
    ],
    "KonstColors": [
      {
        "R": 0.6313726,
        "G": 0.9254902,
        "B": 1.0,
        "A": 1.0
      },
      {
        "R": 0.9137255,
        "G": 1.0,
        "B": 1.0,
        "A": 1.0
      },
      {
        "R": 1.0,
        "G": 1.0,
        "B": 1.0,
        "A": 1.0
      },
      {
        "R": 1.0,
        "G": 1.0,
        "B": 1.0,
        "A": 1.0
      }
    ],
    "TevStages": [
      {
        "ColorInA": "Konst",
        "ColorInB": "C0",
        "ColorInC": "RasColor",
        "ColorInD": "TexColor",
        "ColorOp": "Add",
        "ColorBias": "Zero",
        "ColorScale": "Divide_2",
        "ColorClamp": true,
        "ColorRegId": "TevPrev",
        "AlphaInA": "Zero",
        "AlphaInB": "Zero",
        "AlphaInC": "Zero",
        "AlphaInD": "Zero",
        "AlphaOp": "Add",
        "AlphaBias": "AddHalf",
        "AlphaScale": "Scale_1",
        "AlphaClamp": false,
        "AlphaRegId": "TevPrev"
      },
      {
        "ColorInA": "ColorPrev",
        "ColorInB": "Konst",
        "ColorInC": "TexColor",
        "ColorInD": "Zero",
        "ColorOp": "Add",
        "ColorBias": "Zero",
        "ColorScale": "Scale_1",
        "ColorClamp": true,
        "ColorRegId": "TevPrev",
        "AlphaInA": "RasAlpha",
        "AlphaInB": "Zero",
        "AlphaInC": "Zero",
        "AlphaInD": "Zero",
        "AlphaOp": "Add",
        "AlphaBias": "Zero",
        "AlphaScale": "Scale_1",
        "AlphaClamp": true,
        "AlphaRegId": "TevPrev"
      },
      null,
      null,
      null,
      null,
      null,
      null,
      null,
      null,
      null,
      null,
      null,
      null,
      null,
      null
    ],
    "SwapModes": [
      {
        "RasSel": 0,
        "TexSel": 0
      },
      {
        "RasSel": 0,
        "TexSel": 0
      },
      null,
      null,
      null,
      null,
      null,
      null,
      null,
      null,
      null,
      null,
      null,
      null,
      null,
      null
    ],
    "SwapTables": [
      {
        "R": 0,
        "G": 1,
        "B": 2,
        "A": 3
      },
      {
        "R": 0,
        "G": 1,
        "B": 2,
        "A": 3
      },
      {
        "R": 0,
        "G": 1,
        "B": 2,
        "A": 3
      },
      {
        "R": 0,
        "G": 1,
        "B": 2,
        "A": 3
      },
      null,
      null,
      null,
      null,
      null,
      null,
      null,
      null,
      null,
      null,
      null,
      null
    ],
    "FogInfo": {
      "Type": 0,
      "Enable": false,
      "Center": 0,
      "StartZ": 0.0,
      "EndZ": 0.0,
      "NearZ": 0.0,
      "FarZ": 0.0,
      "Color": {
        "R": 1.0,
        "G": 1.0,
        "B": 1.0,
        "A": 1.0
      },
      "RangeAdjustmentTable": [
        0.0,
        0.0,
        0.0,
        0.0,
        0.0,
        0.0,
        0.0,
        0.0,
        0.0,
        0.0
      ]
    },
    "AlphCompare": {
      "Comp0": "Always",
      "Reference0": 0,
      "Operation": "Or",
      "Comp1": "Always",
      "Reference1": 0
    },
    "BMode": {
      "Type": "None",
      "SourceFact": "One",
      "DestinationFact": "Zero",
      "Operation": "Copy"
    },
    "ZMode": {
      "Enable": true,
      "Function": "LEqual",
      "UpdateEnable": true
    },
    "NBTScale": {
      "Unknown1": 0,
      "Scale": [
        1.0,
        1.0,
        1.0
      ]
    }
  },
  {
    "Name": "d_FallAlfaMat_v_x",
    "Flag": 4,
    "CullMode": "Back",
    "ZCompLoc": true,
    "Dither": false,
    "TextureNames": [
      "BigFall:0",
      "BigFall:0",
      "FarOpacitySea:0",
      "",
      "",
      "",
      "",
      ""
    ],
    "IndTexEntry": {
      "HasLookup": true,
      "IndTexStageNum": 1,
      "TevOrders": [
        {
          "TexCoord": "TexCoord2",
          "TexMap": "TexMap2"
        },
        {
          "TexCoord": "Null",
          "TexMap": "Null"
        },
        {
          "TexCoord": "Null",
          "TexMap": "Null"
        },
        {
          "TexCoord": "Null",
          "TexMap": "Null"
        }
      ],
      "Matrices": [
        {
          "Matrix": [
            [
              0.5,
              0.0,
              0.0
            ],
            [
              0.0,
              0.5,
              0.0
            ]
          ],
          "Exponent": 254
        },
        {
          "Matrix": [
            [
              0.5,
              0.0,
              0.0
            ],
            [
              0.0,
              0.5,
              0.0
            ]
          ],
          "Exponent": 1
        },
        {
          "Matrix": [
            [
              0.5,
              0.0,
              0.0
            ],
            [
              0.0,
              0.5,
              0.0
            ]
          ],
          "Exponent": 1
        }
      ],
      "Scales": [
        {
          "ScaleS": "ITS_1",
          "ScaleT": "ITS_1"
        },
        {
          "ScaleS": "ITS_1",
          "ScaleT": "ITS_1"
        },
        {
          "ScaleS": "ITS_1",
          "ScaleT": "ITS_1"
        },
        {
          "ScaleS": "ITS_1",
          "ScaleT": "ITS_1"
        }
      ],
      "TevStages": [
        {
          "TevStage": "TevStage0",
          "IndTexFormat": "ITF_8",
          "IndTexBiasSel": 7,
          "IndTexMtxId": "ITM_0",
          "IndTexWrapS": "ITW_OFF",
          "IndTexWrapT": "ITW_OFF",
          "AddPrev": false,
          "UtcLod": false,
          "AlphaSel": "ITBA_OFF"
        },
        {
          "TevStage": "TevStage0",
          "IndTexFormat": "ITF_8",
          "IndTexBiasSel": 7,
          "IndTexMtxId": "ITM_0",
          "IndTexWrapS": "ITW_OFF",
          "IndTexWrapT": "ITW_OFF",
          "AddPrev": false,
          "UtcLod": false,
          "AlphaSel": "ITBA_OFF"
        },
        {
          "TevStage": "TevStage0",
          "IndTexFormat": "ITF_8",
          "IndTexBiasSel": "ITB_S",
          "IndTexMtxId": "ITM_OFF",
          "IndTexWrapS": "ITW_OFF",
          "IndTexWrapT": "ITW_OFF",
          "AddPrev": false,
          "UtcLod": false,
          "AlphaSel": "ITBA_OFF"
        },
        {
          "TevStage": "TevStage0",
          "IndTexFormat": "ITF_8",
          "IndTexBiasSel": "ITB_S",
          "IndTexMtxId": "ITM_OFF",
          "IndTexWrapS": "ITW_OFF",
          "IndTexWrapT": "ITW_OFF",
          "AddPrev": false,
          "UtcLod": false,
          "AlphaSel": "ITBA_OFF"
        },
        {
          "TevStage": "TevStage0",
          "IndTexFormat": "ITF_8",
          "IndTexBiasSel": "ITB_S",
          "IndTexMtxId": "ITM_OFF",
          "IndTexWrapS": "ITW_OFF",
          "IndTexWrapT": "ITW_OFF",
          "AddPrev": false,
          "UtcLod": false,
          "AlphaSel": "ITBA_OFF"
        },
        {
          "TevStage": "TevStage0",
          "IndTexFormat": "ITF_8",
          "IndTexBiasSel": "ITB_S",
          "IndTexMtxId": "ITM_OFF",
          "IndTexWrapS": "ITW_OFF",
          "IndTexWrapT": "ITW_OFF",
          "AddPrev": false,
          "UtcLod": false,
          "AlphaSel": "ITBA_OFF"
        },
        {
          "TevStage": "TevStage0",
          "IndTexFormat": "ITF_8",
          "IndTexBiasSel": "ITB_S",
          "IndTexMtxId": "ITM_OFF",
          "IndTexWrapS": "ITW_OFF",
          "IndTexWrapT": "ITW_OFF",
          "AddPrev": false,
          "UtcLod": false,
          "AlphaSel": "ITBA_OFF"
        },
        {
          "TevStage": "TevStage0",
          "IndTexFormat": "ITF_8",
          "IndTexBiasSel": "ITB_S",
          "IndTexMtxId": "ITM_OFF",
          "IndTexWrapS": "ITW_OFF",
          "IndTexWrapT": "ITW_OFF",
          "AddPrev": false,
          "UtcLod": false,
          "AlphaSel": "ITBA_OFF"
        },
        {
          "TevStage": "TevStage0",
          "IndTexFormat": "ITF_8",
          "IndTexBiasSel": "ITB_S",
          "IndTexMtxId": "ITM_OFF",
          "IndTexWrapS": "ITW_OFF",
          "IndTexWrapT": "ITW_OFF",
          "AddPrev": false,
          "UtcLod": false,
          "AlphaSel": "ITBA_OFF"
        },
        {
          "TevStage": "TevStage0",
          "IndTexFormat": "ITF_8",
          "IndTexBiasSel": "ITB_S",
          "IndTexMtxId": "ITM_OFF",
          "IndTexWrapS": "ITW_OFF",
          "IndTexWrapT": "ITW_OFF",
          "AddPrev": false,
          "UtcLod": false,
          "AlphaSel": "ITBA_OFF"
        },
        {
          "TevStage": "TevStage0",
          "IndTexFormat": "ITF_8",
          "IndTexBiasSel": "ITB_S",
          "IndTexMtxId": "ITM_OFF",
          "IndTexWrapS": "ITW_OFF",
          "IndTexWrapT": "ITW_OFF",
          "AddPrev": false,
          "UtcLod": false,
          "AlphaSel": "ITBA_OFF"
        },
        {
          "TevStage": "TevStage0",
          "IndTexFormat": "ITF_8",
          "IndTexBiasSel": "ITB_S",
          "IndTexMtxId": "ITM_OFF",
          "IndTexWrapS": "ITW_OFF",
          "IndTexWrapT": "ITW_OFF",
          "AddPrev": false,
          "UtcLod": false,
          "AlphaSel": "ITBA_OFF"
        },
        {
          "TevStage": "TevStage0",
          "IndTexFormat": "ITF_8",
          "IndTexBiasSel": "ITB_S",
          "IndTexMtxId": "ITM_OFF",
          "IndTexWrapS": "ITW_OFF",
          "IndTexWrapT": "ITW_OFF",
          "AddPrev": false,
          "UtcLod": false,
          "AlphaSel": "ITBA_OFF"
        },
        {
          "TevStage": "TevStage0",
          "IndTexFormat": "ITF_8",
          "IndTexBiasSel": "ITB_S",
          "IndTexMtxId": "ITM_OFF",
          "IndTexWrapS": "ITW_OFF",
          "IndTexWrapT": "ITW_OFF",
          "AddPrev": false,
          "UtcLod": false,
          "AlphaSel": "ITBA_OFF"
        },
        {
          "TevStage": "TevStage0",
          "IndTexFormat": "ITF_8",
          "IndTexBiasSel": "ITB_S",
          "IndTexMtxId": "ITM_OFF",
          "IndTexWrapS": "ITW_OFF",
          "IndTexWrapT": "ITW_OFF",
          "AddPrev": false,
          "UtcLod": false,
          "AlphaSel": "ITBA_OFF"
        },
        {
          "TevStage": "TevStage0",
          "IndTexFormat": "ITF_8",
          "IndTexBiasSel": "ITB_S",
          "IndTexMtxId": "ITM_OFF",
          "IndTexWrapS": "ITW_OFF",
          "IndTexWrapT": "ITW_OFF",
          "AddPrev": false,
          "UtcLod": false,
          "AlphaSel": "ITBA_OFF"
        }
      ]
    },
    "MaterialColors": [
      {
        "R": 0.8,
        "G": 0.8,
        "B": 0.8,
        "A": 0.470588237
      },
      {
        "R": 0.8,
        "G": 0.8,
        "B": 0.8,
        "A": 0.470588237
      }
    ],
    "ChannelControls": [
      {
        "Enable": false,
        "MaterialSrcColor": "Vertex",
        "LitMask": "None",
        "DiffuseFunction": "Clamp",
        "AttenuationFunction": "Spec",
        "AmbientSrcColor": "Register"
      },
      {
        "Enable": false,
        "MaterialSrcColor": "Vertex",
        "LitMask": "None",
        "DiffuseFunction": "Clamp",
        "AttenuationFunction": "Spec",
        "AmbientSrcColor": "Register"
      },
      {
        "Enable": true,
        "MaterialSrcColor": "Register",
        "LitMask": "None",
        "DiffuseFunction": "Signed",
        "AttenuationFunction": "None_0",
        "AmbientSrcColor": "Register"
      },
      {
        "Enable": false,
        "MaterialSrcColor": "Register",
        "LitMask": "None",
        "DiffuseFunction": "None",
        "AttenuationFunction": "None_2",
        "AmbientSrcColor": "Register"
      }
    ],
    "AmbientColors": [
      {
        "R": 0.392156869,
        "G": 0.392156869,
        "B": 0.392156869,
        "A": 0.7647059
      },
      {
        "R": 0.0,
        "G": 0.0,
        "B": 0.0,
        "A": 0.0
      }
    ],
    "LightingColors": [
      null,
      null,
      null,
      null,
      null,
      null,
      null,
      null
    ],
    "TexCoord1Gens": [
      {
        "Type": "Matrix2x4",
        "Source": "Tex0",
        "TexMatrixSource": "TexMtx0"
      },
      {
        "Type": "Matrix2x4",
        "Source": "Tex0",
        "TexMatrixSource": "TexMtx1"
      },
      {
        "Type": "Matrix2x4",
        "Source": "Tex0",
        "TexMatrixSource": "TexMtx2"
      },
      null,
      null,
      null,
      null,
      null
    ],
    "PostTexCoordGens": [
      null,
      null,
      null,
      null,
      null,
      null,
      null,
      null
    ],
    "TexMatrix1": [
      {
        "Projection": "Matrix2x4",
        "Type": 0,
        "EffectTranslation": [
          0.5,
          0.5,
          0.5
        ],
        "Scale": [
          1.0,
          0.678710938
        ],
        "Rotation": 0.0,
        "Translation": [
          0.415,
          -3.32
        ],
        "ProjectionMatrix": [
          [
            1.0,
            0.0,
            0.0,
            0.0
          ],
          [
            0.0,
            1.0,
            0.0,
            0.0
          ],
          [
            0.0,
            0.0,
            1.0,
            0.0
          ],
          [
            0.0,
            0.0,
            0.0,
            1.0
          ]
        ]
      },
      {
        "Projection": "Matrix2x4",
        "Type": 0,
        "EffectTranslation": [
          0.5,
          0.5,
          0.5
        ],
        "Scale": [
          1.0,
          0.209960938
        ],
        "Rotation": 0.0,
        "Translation": [
          0.0,
          -2.49
        ],
        "ProjectionMatrix": [
          [
            1.0,
            0.0,
            0.0,
            0.0
          ],
          [
            0.0,
            1.0,
            0.0,
            0.0
          ],
          [
            0.0,
            0.0,
            1.0,
            0.0
          ],
          [
            0.0,
            0.0,
            0.0,
            1.0
          ]
        ]
      },
      {
        "Projection": "Matrix2x4",
        "Type": 0,
        "EffectTranslation": [
          0.5,
          0.5,
          0.5
        ],
        "Scale": [
          0.8642578,
          0.1
        ],
        "Rotation": 0.0,
        "Translation": [
          0.0,
          -1.245
        ],
        "ProjectionMatrix": [
          [
            1.0,
            0.0,
            0.0,
            0.0
          ],
          [
            0.0,
            1.0,
            0.0,
            0.0
          ],
          [
            0.0,
            0.0,
            1.0,
            0.0
          ],
          [
            0.0,
            0.0,
            0.0,
            1.0
          ]
        ]
      },
      null,
      null,
      null,
      null,
      null,
      null,
      null
    ],
    "PostTexMatrix": [
      null,
      null,
      null,
      null,
      null,
      null,
      null,
      null,
      null,
      null,
      null,
      null,
      null,
      null,
      null,
      null,
      null,
      null,
      null,
      null
    ],
    "TevOrders": [
      {
        "TexCoord": "TexCoord0",
        "TexMap": "TexMap0",
        "ChannelId": "Color0A0"
      },
      {
        "TexCoord": "TexCoord1",
        "TexMap": "TexMap1",
        "ChannelId": "Color0A0"
      },
      null,
      null,
      null,
      null,
      null,
      null,
      null,
      null,
      null,
      null,
      null,
      null,
      null,
      null
    ],
    "ColorSels": [
      "KCSel_K0",
      "KCSel_K1",
      "KCSel_K0",
      "KCSel_K0",
      "KCSel_K0",
      "KCSel_K0",
      "KCSel_K0",
      "KCSel_K0",
      "KCSel_K0",
      "KCSel_K0",
      "KCSel_K0",
      "KCSel_K0",
      "KCSel_K0",
      "KCSel_K0",
      "KCSel_K0",
      "KCSel_K0"
    ],
    "AlphaSels": [
      "KASel_K0_A",
      "KASel_K0_A",
      "KASel_K0_A",
      "KASel_K0_A",
      "KASel_K0_A",
      "KASel_K0_A",
      "KASel_K0_A",
      "KASel_K0_A",
      "KASel_K0_A",
      "KASel_K0_A",
      "KASel_K0_A",
      "KASel_K0_A",
      "KASel_K0_A",
      "KASel_K0_A",
      "KASel_K0_A",
      "KASel_K0_A"
    ],
    "TevColors": [
      {
        "R": 1.0,
        "G": 1.0,
        "B": 1.0,
        "A": 0.156862751
      },
      {
        "R": 1.0,
        "G": 1.0,
        "B": 1.0,
        "A": 1.0
      },
      {
        "R": 1.0,
        "G": 1.0,
        "B": 1.0,
        "A": 1.0
      },
      {
        "R": 0.0,
        "G": 0.0,
        "B": 0.0,
        "A": 0.0
      },
      null,
      null,
      null,
      null,
      null,
      null,
      null,
      null,
      null,
      null,
      null,
      null
    ],
    "KonstColors": [
      {
        "R": 0.6313726,
        "G": 0.9254902,
        "B": 1.0,
        "A": 1.0
      },
      {
        "R": 0.9137255,
        "G": 1.0,
        "B": 1.0,
        "A": 1.0
      },
      {
        "R": 1.0,
        "G": 1.0,
        "B": 1.0,
        "A": 1.0
      },
      {
        "R": 1.0,
        "G": 1.0,
        "B": 1.0,
        "A": 1.0
      }
    ],
    "TevStages": [
      {
        "ColorInA": "Konst",
        "ColorInB": "C0",
        "ColorInC": "RasColor",
        "ColorInD": "TexColor",
        "ColorOp": "Add",
        "ColorBias": "Zero",
        "ColorScale": "Divide_2",
        "ColorClamp": true,
        "ColorRegId": "TevPrev",
        "AlphaInA": "Zero",
        "AlphaInB": "Zero",
        "AlphaInC": "Zero",
        "AlphaInD": "Zero",
        "AlphaOp": "Add",
        "AlphaBias": "AddHalf",
        "AlphaScale": "Scale_1",
        "AlphaClamp": false,
        "AlphaRegId": "TevPrev"
      },
      {
        "ColorInA": "ColorPrev",
        "ColorInB": "Konst",
        "ColorInC": "TexColor",
        "ColorInD": "Zero",
        "ColorOp": "Add",
        "ColorBias": "Zero",
        "ColorScale": "Scale_1",
        "ColorClamp": true,
        "ColorRegId": "TevPrev",
        "AlphaInA": "RasAlpha",
        "AlphaInB": "Zero",
        "AlphaInC": "Zero",
        "AlphaInD": "Zero",
        "AlphaOp": "Add",
        "AlphaBias": "Zero",
        "AlphaScale": "Scale_1",
        "AlphaClamp": true,
        "AlphaRegId": "TevPrev"
      },
      null,
      null,
      null,
      null,
      null,
      null,
      null,
      null,
      null,
      null,
      null,
      null,
      null,
      null
    ],
    "SwapModes": [
      {
        "RasSel": 0,
        "TexSel": 0
      },
      {
        "RasSel": 0,
        "TexSel": 0
      },
      null,
      null,
      null,
      null,
      null,
      null,
      null,
      null,
      null,
      null,
      null,
      null,
      null,
      null
    ],
    "SwapTables": [
      {
        "R": 0,
        "G": 1,
        "B": 2,
        "A": 3
      },
      {
        "R": 0,
        "G": 1,
        "B": 2,
        "A": 3
      },
      {
        "R": 0,
        "G": 1,
        "B": 2,
        "A": 3
      },
      {
        "R": 0,
        "G": 1,
        "B": 2,
        "A": 3
      },
      null,
      null,
      null,
      null,
      null,
      null,
      null,
      null,
      null,
      null,
      null,
      null
    ],
    "FogInfo": {
      "Type": 0,
      "Enable": false,
      "Center": 0,
      "StartZ": 0.0,
      "EndZ": 0.0,
      "NearZ": 0.0,
      "FarZ": 0.0,
      "Color": {
        "R": 1.0,
        "G": 1.0,
        "B": 1.0,
        "A": 1.0
      },
      "RangeAdjustmentTable": [
        0.0,
        0.0,
        0.0,
        0.0,
        0.0,
        0.0,
        0.0,
        0.0,
        0.0,
        0.0
      ]
    },
    "AlphCompare": {
      "Comp0": "Always",
      "Reference0": 0,
      "Operation": "Or",
      "Comp1": "Always",
      "Reference1": 0
    },
    "BMode": {
      "Type": "Blend",
      "SourceFact": "SrcAlpha",
      "DestinationFact": "InverseSrcAlpha",
      "Operation": "Copy"
    },
    "ZMode": {
      "Enable": true,
      "Function": "LEqual",
      "UpdateEnable": false
    },
    "NBTScale": {
      "Unknown1": 0,
      "Scale": [
        1.0,
        1.0,
        1.0
      ]
    }
  },
  {
    "Name": "e_FallMat_v_x",
    "Flag": 4,
    "CullMode": "Back",
    "ZCompLoc": true,
    "Dither": false,
    "TextureNames": [
      "Fall:0",
      "WaterIndirect:0",
      "",
      "",
      "",
      "",
      "",
      ""
    ],
    "IndTexEntry": {
      "HasLookup": true,
      "IndTexStageNum": 1,
      "TevOrders": [
        {
          "TexCoord": "TexCoord1",
          "TexMap": "TexMap1"
        },
        {
          "TexCoord": "Null",
          "TexMap": "Null"
        },
        {
          "TexCoord": "Null",
          "TexMap": "Null"
        },
        {
          "TexCoord": "Null",
          "TexMap": "Null"
        }
      ],
      "Matrices": [
        {
          "Matrix": [
            [
              0.5,
              0.0,
              0.0
            ],
            [
              0.0,
              0.5,
              0.0
            ]
          ],
          "Exponent": 255
        },
        {
          "Matrix": [
            [
              0.5,
              0.0,
              0.0
            ],
            [
              0.0,
              0.5,
              0.0
            ]
          ],
          "Exponent": 1
        },
        {
          "Matrix": [
            [
              0.5,
              0.0,
              0.0
            ],
            [
              0.0,
              0.5,
              0.0
            ]
          ],
          "Exponent": 1
        }
      ],
      "Scales": [
        {
          "ScaleS": "ITS_1",
          "ScaleT": "ITS_1"
        },
        {
          "ScaleS": "ITS_1",
          "ScaleT": "ITS_1"
        },
        {
          "ScaleS": "ITS_1",
          "ScaleT": "ITS_1"
        },
        {
          "ScaleS": "ITS_1",
          "ScaleT": "ITS_1"
        }
      ],
      "TevStages": [
        {
          "TevStage": "TevStage0",
          "IndTexFormat": "ITF_8",
          "IndTexBiasSel": 7,
          "IndTexMtxId": "ITM_0",
          "IndTexWrapS": "ITW_OFF",
          "IndTexWrapT": "ITW_OFF",
          "AddPrev": false,
          "UtcLod": false,
          "AlphaSel": "ITBA_OFF"
        },
        {
          "TevStage": "TevStage0",
          "IndTexFormat": "ITF_8",
          "IndTexBiasSel": 7,
          "IndTexMtxId": "ITM_0",
          "IndTexWrapS": "ITW_OFF",
          "IndTexWrapT": "ITW_OFF",
          "AddPrev": false,
          "UtcLod": false,
          "AlphaSel": "ITBA_OFF"
        },
        {
          "TevStage": "TevStage0",
          "IndTexFormat": "ITF_8",
          "IndTexBiasSel": "ITB_S",
          "IndTexMtxId": "ITM_OFF",
          "IndTexWrapS": "ITW_OFF",
          "IndTexWrapT": "ITW_OFF",
          "AddPrev": false,
          "UtcLod": false,
          "AlphaSel": "ITBA_OFF"
        },
        {
          "TevStage": "TevStage0",
          "IndTexFormat": "ITF_8",
          "IndTexBiasSel": "ITB_S",
          "IndTexMtxId": "ITM_OFF",
          "IndTexWrapS": "ITW_OFF",
          "IndTexWrapT": "ITW_OFF",
          "AddPrev": false,
          "UtcLod": false,
          "AlphaSel": "ITBA_OFF"
        },
        {
          "TevStage": "TevStage0",
          "IndTexFormat": "ITF_8",
          "IndTexBiasSel": "ITB_S",
          "IndTexMtxId": "ITM_OFF",
          "IndTexWrapS": "ITW_OFF",
          "IndTexWrapT": "ITW_OFF",
          "AddPrev": false,
          "UtcLod": false,
          "AlphaSel": "ITBA_OFF"
        },
        {
          "TevStage": "TevStage0",
          "IndTexFormat": "ITF_8",
          "IndTexBiasSel": "ITB_S",
          "IndTexMtxId": "ITM_OFF",
          "IndTexWrapS": "ITW_OFF",
          "IndTexWrapT": "ITW_OFF",
          "AddPrev": false,
          "UtcLod": false,
          "AlphaSel": "ITBA_OFF"
        },
        {
          "TevStage": "TevStage0",
          "IndTexFormat": "ITF_8",
          "IndTexBiasSel": "ITB_S",
          "IndTexMtxId": "ITM_OFF",
          "IndTexWrapS": "ITW_OFF",
          "IndTexWrapT": "ITW_OFF",
          "AddPrev": false,
          "UtcLod": false,
          "AlphaSel": "ITBA_OFF"
        },
        {
          "TevStage": "TevStage0",
          "IndTexFormat": "ITF_8",
          "IndTexBiasSel": "ITB_S",
          "IndTexMtxId": "ITM_OFF",
          "IndTexWrapS": "ITW_OFF",
          "IndTexWrapT": "ITW_OFF",
          "AddPrev": false,
          "UtcLod": false,
          "AlphaSel": "ITBA_OFF"
        },
        {
          "TevStage": "TevStage0",
          "IndTexFormat": "ITF_8",
          "IndTexBiasSel": "ITB_S",
          "IndTexMtxId": "ITM_OFF",
          "IndTexWrapS": "ITW_OFF",
          "IndTexWrapT": "ITW_OFF",
          "AddPrev": false,
          "UtcLod": false,
          "AlphaSel": "ITBA_OFF"
        },
        {
          "TevStage": "TevStage0",
          "IndTexFormat": "ITF_8",
          "IndTexBiasSel": "ITB_S",
          "IndTexMtxId": "ITM_OFF",
          "IndTexWrapS": "ITW_OFF",
          "IndTexWrapT": "ITW_OFF",
          "AddPrev": false,
          "UtcLod": false,
          "AlphaSel": "ITBA_OFF"
        },
        {
          "TevStage": "TevStage0",
          "IndTexFormat": "ITF_8",
          "IndTexBiasSel": "ITB_S",
          "IndTexMtxId": "ITM_OFF",
          "IndTexWrapS": "ITW_OFF",
          "IndTexWrapT": "ITW_OFF",
          "AddPrev": false,
          "UtcLod": false,
          "AlphaSel": "ITBA_OFF"
        },
        {
          "TevStage": "TevStage0",
          "IndTexFormat": "ITF_8",
          "IndTexBiasSel": "ITB_S",
          "IndTexMtxId": "ITM_OFF",
          "IndTexWrapS": "ITW_OFF",
          "IndTexWrapT": "ITW_OFF",
          "AddPrev": false,
          "UtcLod": false,
          "AlphaSel": "ITBA_OFF"
        },
        {
          "TevStage": "TevStage0",
          "IndTexFormat": "ITF_8",
          "IndTexBiasSel": "ITB_S",
          "IndTexMtxId": "ITM_OFF",
          "IndTexWrapS": "ITW_OFF",
          "IndTexWrapT": "ITW_OFF",
          "AddPrev": false,
          "UtcLod": false,
          "AlphaSel": "ITBA_OFF"
        },
        {
          "TevStage": "TevStage0",
          "IndTexFormat": "ITF_8",
          "IndTexBiasSel": "ITB_S",
          "IndTexMtxId": "ITM_OFF",
          "IndTexWrapS": "ITW_OFF",
          "IndTexWrapT": "ITW_OFF",
          "AddPrev": false,
          "UtcLod": false,
          "AlphaSel": "ITBA_OFF"
        },
        {
          "TevStage": "TevStage0",
          "IndTexFormat": "ITF_8",
          "IndTexBiasSel": "ITB_S",
          "IndTexMtxId": "ITM_OFF",
          "IndTexWrapS": "ITW_OFF",
          "IndTexWrapT": "ITW_OFF",
          "AddPrev": false,
          "UtcLod": false,
          "AlphaSel": "ITBA_OFF"
        },
        {
          "TevStage": "TevStage0",
          "IndTexFormat": "ITF_8",
          "IndTexBiasSel": "ITB_S",
          "IndTexMtxId": "ITM_OFF",
          "IndTexWrapS": "ITW_OFF",
          "IndTexWrapT": "ITW_OFF",
          "AddPrev": false,
          "UtcLod": false,
          "AlphaSel": "ITBA_OFF"
        }
      ]
    },
    "MaterialColors": [
      {
        "R": 0.9882353,
        "G": 0.9882353,
        "B": 0.9882353,
        "A": 0.807843149
      },
      {
        "R": 0.9882353,
        "G": 0.9882353,
        "B": 0.9882353,
        "A": 0.807843149
      }
    ],
    "ChannelControls": [
      {
        "Enable": false,
        "MaterialSrcColor": "Vertex",
        "LitMask": "None",
        "DiffuseFunction": "Clamp",
        "AttenuationFunction": "Spec",
        "AmbientSrcColor": "Register"
      },
      {
        "Enable": false,
        "MaterialSrcColor": "Vertex",
        "LitMask": "None",
        "DiffuseFunction": "Clamp",
        "AttenuationFunction": "Spec",
        "AmbientSrcColor": "Register"
      },
      {
        "Enable": true,
        "MaterialSrcColor": "Register",
        "LitMask": "None",
        "DiffuseFunction": "Signed",
        "AttenuationFunction": "None_0",
        "AmbientSrcColor": "Register"
      },
      {
        "Enable": false,
        "MaterialSrcColor": "Register",
        "LitMask": "None",
        "DiffuseFunction": "None",
        "AttenuationFunction": "None_2",
        "AmbientSrcColor": "Register"
      }
    ],
    "AmbientColors": [
      {
        "R": 0.392156869,
        "G": 0.392156869,
        "B": 0.392156869,
        "A": 0.7647059
      },
      {
        "R": 0.0,
        "G": 0.0,
        "B": 0.0,
        "A": 0.0
      }
    ],
    "LightingColors": [
      null,
      null,
      null,
      null,
      null,
      null,
      null,
      null
    ],
    "TexCoord1Gens": [
      {
        "Type": "Matrix2x4",
        "Source": "Tex0",
        "TexMatrixSource": "TexMtx0"
      },
      {
        "Type": "Matrix2x4",
        "Source": "Tex0",
        "TexMatrixSource": "TexMtx1"
      },
      null,
      null,
      null,
      null,
      null,
      null
    ],
    "PostTexCoordGens": [
      null,
      null,
      null,
      null,
      null,
      null,
      null,
      null
    ],
    "TexMatrix1": [
      {
        "Projection": "Matrix2x4",
        "Type": 0,
        "EffectTranslation": [
          0.5,
          0.5,
          0.5
        ],
        "Scale": [
          1.0,
          0.3
        ],
        "Rotation": 0.0,
        "Translation": [
          0.83,
          -2.905
        ],
        "ProjectionMatrix": [
          [
            1.0,
            0.0,
            0.0,
            0.0
          ],
          [
            0.0,
            1.0,
            0.0,
            0.0
          ],
          [
            0.0,
            0.0,
            1.0,
            0.0
          ],
          [
            0.0,
            0.0,
            0.0,
            1.0
          ]
        ]
      },
      {
        "Projection": "Matrix2x4",
        "Type": 0,
        "EffectTranslation": [
          0.5,
          0.5,
          0.5
        ],
        "Scale": [
          3.58398438,
          0.2
        ],
        "Rotation": 0.0,
        "Translation": [
          0.0,
          0.0
        ],
        "ProjectionMatrix": [
          [
            1.0,
            0.0,
            0.0,
            0.0
          ],
          [
            0.0,
            1.0,
            0.0,
            0.0
          ],
          [
            0.0,
            0.0,
            1.0,
            0.0
          ],
          [
            0.0,
            0.0,
            0.0,
            1.0
          ]
        ]
      },
      null,
      null,
      null,
      null,
      null,
      null,
      null,
      null
    ],
    "PostTexMatrix": [
      null,
      null,
      null,
      null,
      null,
      null,
      null,
      null,
      null,
      null,
      null,
      null,
      null,
      null,
      null,
      null,
      null,
      null,
      null,
      null
    ],
    "TevOrders": [
      {
        "TexCoord": "TexCoord0",
        "TexMap": "TexMap0",
        "ChannelId": "Color0A0"
      },
      null,
      null,
      null,
      null,
      null,
      null,
      null,
      null,
      null,
      null,
      null,
      null,
      null,
      null,
      null
    ],
    "ColorSels": [
      "KCSel_K0",
      "KCSel_K0",
      "KCSel_K0",
      "KCSel_K0",
      "KCSel_K0",
      "KCSel_K0",
      "KCSel_K0",
      "KCSel_K0",
      "KCSel_K0",
      "KCSel_K0",
      "KCSel_K0",
      "KCSel_K0",
      "KCSel_K0",
      "KCSel_K0",
      "KCSel_K0",
      "KCSel_K0"
    ],
    "AlphaSels": [
      "KASel_K0_A",
      "KASel_K0_A",
      "KASel_K0_A",
      "KASel_K0_A",
      "KASel_K0_A",
      "KASel_K0_A",
      "KASel_K0_A",
      "KASel_K0_A",
      "KASel_K0_A",
      "KASel_K0_A",
      "KASel_K0_A",
      "KASel_K0_A",
      "KASel_K0_A",
      "KASel_K0_A",
      "KASel_K0_A",
      "KASel_K0_A"
    ],
    "TevColors": [
      {
        "R": 0.0,
        "G": 0.0,
        "B": 0.0,
        "A": 1.0196079
      },
      {
        "R": 0.0156862754,
        "G": -1.20784318,
        "B": -3.380392,
        "A": 1.0
      },
      {
        "R": 1.0,
        "G": 1.0,
        "B": 1.0,
        "A": 1.0
      },
      {
        "R": 0.0,
        "G": 0.0,
        "B": 0.0,
        "A": 0.0
      },
      null,
      null,
      null,
      null,
      null,
      null,
      null,
      null,
      null,
      null,
      null,
      null
    ],
    "KonstColors": [
      {
        "R": 0.0,
        "G": 0.08235294,
        "B": 0.1764706,
        "A": 1.0
      },
      {
        "R": 0.0,
        "G": 0.0,
        "B": 0.0,
        "A": 1.0
      },
      {
        "R": 1.0,
        "G": 1.0,
        "B": 1.0,
        "A": 1.0
      },
      {
        "R": 1.0,
        "G": 1.0,
        "B": 1.0,
        "A": 1.0
      }
    ],
    "TevStages": [
      {
        "ColorInA": "C0",
        "ColorInB": "Konst",
        "ColorInC": "TexColor",
        "ColorInD": "RasColor",
        "ColorOp": "Add",
        "ColorBias": "Zero",
        "ColorScale": "Scale_1",
        "ColorClamp": true,
        "ColorRegId": "TevPrev",
        "AlphaInA": "Zero",
        "AlphaInB": "TexAlpha",
        "AlphaInC": "RasAlpha",
        "AlphaInD": "Zero",
        "AlphaOp": "Add",
        "AlphaBias": "Zero",
        "AlphaScale": "Scale_2",
        "AlphaClamp": true,
        "AlphaRegId": "TevPrev"
      },
      null,
      null,
      null,
      null,
      null,
      null,
      null,
      null,
      null,
      null,
      null,
      null,
      null,
      null,
      null
    ],
    "SwapModes": [
      {
        "RasSel": 0,
        "TexSel": 0
      },
      null,
      null,
      null,
      null,
      null,
      null,
      null,
      null,
      null,
      null,
      null,
      null,
      null,
      null,
      null
    ],
    "SwapTables": [
      {
        "R": 0,
        "G": 1,
        "B": 2,
        "A": 3
      },
      {
        "R": 0,
        "G": 1,
        "B": 2,
        "A": 3
      },
      {
        "R": 0,
        "G": 1,
        "B": 2,
        "A": 3
      },
      {
        "R": 0,
        "G": 1,
        "B": 2,
        "A": 3
      },
      null,
      null,
      null,
      null,
      null,
      null,
      null,
      null,
      null,
      null,
      null,
      null
    ],
    "FogInfo": {
      "Type": 0,
      "Enable": false,
      "Center": 0,
      "StartZ": 0.0,
      "EndZ": 0.0,
      "NearZ": 0.0,
      "FarZ": 0.0,
      "Color": {
        "R": 1.0,
        "G": 1.0,
        "B": 1.0,
        "A": 1.0
      },
      "RangeAdjustmentTable": [
        0.0,
        0.0,
        0.0,
        0.0,
        0.0,
        0.0,
        0.0,
        0.0,
        0.0,
        0.0
      ]
    },
    "AlphCompare": {
      "Comp0": "Always",
      "Reference0": 0,
      "Operation": "Or",
      "Comp1": "GEqual",
      "Reference1": 0
    },
    "BMode": {
      "Type": "Blend",
      "SourceFact": "SrcAlpha",
      "DestinationFact": "InverseSrcAlpha",
      "Operation": "Copy"
    },
    "ZMode": {
      "Enable": true,
      "Function": "LEqual",
      "UpdateEnable": false
    },
    "NBTScale": {
      "Unknown1": 0,
      "Scale": [
        1.0,
        1.0,
        1.0
      ]
    }
  }
]