{
    "loop_mode": 2,
    "angle_scale": 1,
    "duration": 1000,
    "unknown": "0x0",
    
    "animations": [
        {
            "material_name": "FallMat_v",
            "material_texture_index": 0,
            "center": [0.5, 0.5, 0.5],
            
            "scale_u": [
                [0.0, 1.0, 0.0, 0.0]
            ],
            "scale_v": [
                [0.0, 0.6787109375, 0.0, 0.0]
            ],
            "scale_w": [
                [0.0, 1.0, 0.0, 0.0]
            ],
            "rotation_u": [
                [0.0, 0.0, 0.0, 0.0]
            ],
            "rotation_v": [
                [0.0, 0.0, 0.0, 0.0]
            ],
            "rotation_w": [
                [0.0, 0.0, 0.0, 0.0]
            ],
            "translation_u": [
                [0.0, 0.0, 0.0, 0.0010000000474974513],
                [1000.0, 1.0, 0.0010000000474974513, 0.0]
            ],
            "translation_v": [
                [0.0, 0.0, 0.0, -0.00800000037997961],
                [1000.0, -8.0, -0.00800000037997961, 0.0]
            ],
            "translation_w": [
                [0.0, 0.0, 0.0, 0.0],
                [1000.0, 0.0, 0.0, 0.0]
            ]
        },
        {
            "material_name": "FallMat_v",
            "material_texture_index": 1,
            "center": [0.5, 0.5, 0.5],
            
            "scale_u": [
                [0.0, 1.0, 0.0, 0.0]
            ],
            "scale_v": [
                [0.0, 0.2099609375, 0.0, 0.0]
            ],
            "scale_w": [
                [0.0, 1.0, 0.0, 0.0]
            ],
            "rotation_u": [
                [0.0, 0.0, 0.0, 0.0]
            ],
            "rotation_v": [
                [0.0, 0.0, 0.0, 0.0]
            ],
            "rotation_w": [
                [0.0, 0.0, 0.0, 0.0]
            ],
            "translation_u": [
                [0.0, 0.0, 0.0, 0.0],
                [1000.0, 0.0, 0.0, 0.0]
            ],
            "translation_v": [
                [0.0, 0.0, 0.0, -0.006000000052154064],
                [1000.0, -6.0, -0.006000000052154064, 0.0]
            ],
            "translation_w": [
                [0.0, 0.0, 0.0, 0.0],
                [1000.0, 0.0, 0.0, 0.0]
            ]
        },
        {
            "material_name": "FallMat_v",
            "material_texture_index": 2,
            "center": [0.5, 0.5, 0.5],
            
            "scale_u": [
                [0.0, 0.8642578125, 0.0, 0.0]
            ],
            "scale_v": [
                [0.0, 0.10000000149011612, 0.0, 0.0]
            ],
            "scale_w": [
                [0.0, 1.0, 0.0, 0.0]
            ],
            "rotation_u": [
                [0.0, 0.0, 0.0, 0.0]
            ],
            "rotation_v": [
                [0.0, 0.0, 0.0, 0.0]
            ],
            "rotation_w": [
                [0.0, 0.0, 0.0, 0.0]
            ],
            "translation_u": [
                [0.0, 0.0, 0.0, 0.0],
                [1000.0, 0.0, 0.0, 0.0]
            ],
            "translation_v": [
                [0.0, 0.0, 0.0, -0.003000000026077032],
                [1000.0, -3.0, -0.003000000026077032, 0.0]
            ],
            "translation_w": [
                [0.0, 0.0, 0.0, 0.0],
                [1000.0, 0.0, 0.0, 0.0]
            ]
        },
        {
            "material_name": "d_FallAlfaMat_v_x",
            "material_texture_index": 0,
            "center": [0.5, 0.5, 0.5],
            
            "scale_u": [
                [0.0, 1.0, 0.0, 0.0]
            ],
            "scale_v": [
                [0.0, 0.6787109375, 0.0, 0.0]
            ],
            "scale_w": [
                [0.0, 1.0, 0.0, 0.0]
            ],
            "rotation_u": [
                [0.0, 0.0, 0.0, 0.0]
            ],
            "rotation_v": [
                [0.0, 0.0, 0.0, 0.0]
            ],
            "rotation_w": [
                [0.0, 0.0, 0.0, 0.0]
            ],
            "translation_u": [
                [0.0, 0.0, 0.0, 0.0010000000474974513],
                [1000.0, 1.0, 0.0010000000474974513, 0.0]
            ],
            "translation_v": [
                [0.0, 0.0, 0.0, -0.00800000037997961],
                [1000.0, -8.0, -0.00800000037997961, 0.0]
            ],
            "translation_w": [
                [0.0, 0.0, 0.0, 0.0],
                [1000.0, 0.0, 0.0, 0.0]
            ]
        },
        {
            "material_name": "d_FallAlfaMat_v_x",
            "material_texture_index": 1,
            "center": [0.5, 0.5, 0.5],
            
            "scale_u": [
                [0.0, 1.0, 0.0, 0.0]
            ],
            "scale_v": [
                [0.0, 0.2099609375, 0.0, 0.0]
            ],
            "scale_w": [
                [0.0, 1.0, 0.0, 0.0]
            ],
            "rotation_u": [
                [0.0, 0.0, 0.0, 0.0]
            ],
            "rotation_v": [
                [0.0, 0.0, 0.0, 0.0]
            ],
            "rotation_w": [
                [0.0, 0.0, 0.0, 0.0]
            ],
            "translation_u": [
                [0.0, 0.0, 0.0, 0.0],
                [1000.0, 0.0, 0.0, 0.0]
            ],
            "translation_v": [
                [0.0, 0.0, 0.0, -0.006000000052154064],
                [1000.0, -6.0, -0.006000000052154064, 0.0]
            ],
            "translation_w": [
                [0.0, 0.0, 0.0, 0.0],
                [1000.0, 0.0, 0.0, 0.0]
            ]
        },
        {
            "material_name": "d_FallAlfaMat_v_x",
            "material_texture_index": 2,
            "center": [0.5, 0.5, 0.5],
            
            "scale_u": [
                [0.0, 0.8642578125, 0.0, 0.0]
            ],
            "scale_v": [
                [0.0, 0.10000000149011612, 0.0, 0.0]
            ],
            "scale_w": [
                [0.0, 1.0, 0.0, 0.0]
            ],
            "rotation_u": [
                [0.0, 0.0, 0.0, 0.0]
            ],
            "rotation_v": [
                [0.0, 0.0, 0.0, 0.0]
            ],
            "rotation_w": [
                [0.0, 0.0, 0.0, 0.0]
            ],
            "translation_u": [
                [0.0, 0.0, 0.0, 0.0],
                [1000.0, 0.0, 0.0, 0.0]
            ],
            "translation_v": [
                [0.0, 0.0, 0.0, -0.003000000026077032],
                [1000.0, -3.0, -0.003000000026077032, 0.0]
            ],
            "translation_w": [
                [0.0, 0.0, 0.0, 0.0],
                [1000.0, 0.0, 0.0, 0.0]
            ]
        },
        {
            "material_name": "e_FallMat_v_x",
            "material_texture_index": 0,
            "center": [0.5, 0.5, 0.5],
            
            "scale_u": [
                [0.0, 1.0, 0.0, 0.0]
            ],
            "scale_v": [
                [0.0, 0.30000001192092896, 0.0, 0.0]
            ],
            "scale_w": [
                [0.0, 1.0, 0.0, 0.0]
            ],
            "rotation_u": [
                [0.0, 0.0, 0.0, 0.0]
            ],
            "rotation_v": [
                [0.0, 0.0, 0.0, 0.0]
            ],
            "rotation_w": [
                [0.0, 0.0, 0.0, 0.0]
            ],
            "translation_u": [
                [0.0, 0.0, 0.0, 0.0020000000949949026],
                [1000.0, 2.0, 0.0020000000949949026, 0.0]
            ],
            "translation_v": [
                [0.0, 0.0, 0.0, -0.007000000216066837],
                [1000.0, -7.0, -0.007000000216066837, 0.0]
            ],
            "translation_w": [
                [0.0, 0.0, 0.0, 0.0],
                [1000.0, 0.0, 0.0, 0.0]
            ]
        }
    ]
}
