[
  {
    "Name": "LavaMsk",
    "Format": "I4",
    "AlphaSetting": 2,
    "WrapS": "Repeat",
    "WrapT": "Repeat",
    "PaletteFormat": "IA8",
    "MipMap": 1,
    "EdgeLOD": false,
    "BiasClamp": false,
    "MaxAniso": 0,
    "MinFilter": "LinearMipmapLinear",
    "MagFilter": "Linear",
    "MinLOD": 0.0,
    "MaxLOD": 2.0,
    "LodBias": -0.399999976
  },
  {
    "Name": "Lava",
    "Format": "CMPR",
    "AlphaSetting": 1,
    "WrapS": "Repeat",
    "WrapT": "Repeat",
    "PaletteFormat": "IA8",
    "MipMap": 1,
    "EdgeLOD": false,
    "BiasClamp": false,
    "MaxAniso": 0,
    "MinFilter": "LinearMipmapLinear",
    "MagFilter": "Linear",
    "MinLOD": 0.0,
    "MaxLOD": 5.0,
    "LodBias": -1.3
  },
  {
    "Name": "IndBendLava",
    "Format": "I8",
    "AlphaSetting": 2,
    "WrapS": "Repeat",
    "WrapT": "Repeat",
    "PaletteFormat": "IA8",
    "MipMap": 0,
    "EdgeLOD": false,
    "BiasClamp": false,
    "MaxAniso": 0,
    "MinFilter": "Linear",
    "MagFilter": "Linear",
    "MinLOD": 0.0,
    "MaxLOD": 0.0,
    "LodBias": 0.0
  }
]