[
  {
    "Name": "Lava00_v",
    "Flag": 1,
    "CullMode": "Back",
    "ZCompLoc": true,
    "Dither": true,
    "TextureNames": [
      "LavaMsk:0",
      "Lava:0",
      "IndBendLava:0",
      "",
      "",
      "",
      "",
      ""
    ],
    "IndTexEntry": {
      "HasLookup": true,
      "IndTexStageNum": 1,
      "TevOrders": [
        {
          "TexCoord": "TexCoord2",
          "TexMap": "TexMap2"
        },
        {
          "TexCoord": "Null",
          "TexMap": "Null"
        },
        {
          "TexCoord": "Null",
          "TexMap": "Null"
        },
        {
          "TexCoord": "Null",
          "TexMap": "Null"
        }
      ],
      "Matrices": [
        {
          "Matrix": [
            [
              0.5,
              0.0,
              0.0
            ],
            [
              0.0,
              0.5,
              0.0
            ]
          ],
          "Exponent": 253
        },
        {
          "Matrix": [
            [
              0.5,
              0.0,
              0.0
            ],
            [
              0.0,
              0.5,
              0.0
            ]
          ],
          "Exponent": 1
        },
        {
          "Matrix": [
            [
              0.5,
              0.0,
              0.0
            ],
            [
              0.0,
              0.5,
              0.0
            ]
          ],
          "Exponent": 1
        }
      ],
      "Scales": [
        {
          "ScaleS": "ITS_1",
          "ScaleT": "ITS_1"
        },
        {
          "ScaleS": "ITS_1",
          "ScaleT": "ITS_1"
        },
        {
          "ScaleS": "ITS_1",
          "ScaleT": "ITS_1"
        },
        {
          "ScaleS": "ITS_1",
          "ScaleT": "ITS_1"
        }
      ],
      "TevStages": [
        {
          "TevStage": "TevStage0",
          "IndTexFormat": "ITF_8",
          "IndTexBiasSel": "ITB_S",
          "IndTexMtxId": "ITM_OFF",
          "IndTexWrapS": "ITW_OFF",
          "IndTexWrapT": "ITW_OFF",
          "AddPrev": false,
          "UtcLod": false,
          "AlphaSel": "ITBA_OFF"
        },
        {
          "TevStage": "TevStage0",
          "IndTexFormat": "ITF_8",
          "IndTexBiasSel": 7,
          "IndTexMtxId": "ITM_0",
          "IndTexWrapS": "ITW_OFF",
          "IndTexWrapT": "ITW_OFF",
          "AddPrev": false,
          "UtcLod": false,
          "AlphaSel": "ITBA_OFF"
        },
        {
          "TevStage": "TevStage0",
          "IndTexFormat": "ITF_8",
          "IndTexBiasSel": "ITB_S",
          "IndTexMtxId": "ITM_OFF",
          "IndTexWrapS": "ITW_OFF",
          "IndTexWrapT": "ITW_OFF",
          "AddPrev": false,
          "UtcLod": false,
          "AlphaSel": "ITBA_OFF"
        },
        {
          "TevStage": "TevStage0",
          "IndTexFormat": "ITF_8",
          "IndTexBiasSel": "ITB_S",
          "IndTexMtxId": "ITM_OFF",
          "IndTexWrapS": "ITW_OFF",
          "IndTexWrapT": "ITW_OFF",
          "AddPrev": false,
          "UtcLod": false,
          "AlphaSel": "ITBA_OFF"
        },
        {
          "TevStage": "TevStage0",
          "IndTexFormat": "ITF_8",
          "IndTexBiasSel": "ITB_S",
          "IndTexMtxId": "ITM_OFF",
          "IndTexWrapS": "ITW_OFF",
          "IndTexWrapT": "ITW_OFF",
          "AddPrev": false,
          "UtcLod": false,
          "AlphaSel": "ITBA_OFF"
        },
        {
          "TevStage": "TevStage0",
          "IndTexFormat": "ITF_8",
          "IndTexBiasSel": "ITB_S",
          "IndTexMtxId": "ITM_OFF",
          "IndTexWrapS": "ITW_OFF",
          "IndTexWrapT": "ITW_OFF",
          "AddPrev": false,
          "UtcLod": false,
          "AlphaSel": "ITBA_OFF"
        },
        {
          "TevStage": "TevStage0",
          "IndTexFormat": "ITF_8",
          "IndTexBiasSel": "ITB_S",
          "IndTexMtxId": "ITM_OFF",
          "IndTexWrapS": "ITW_OFF",
          "IndTexWrapT": "ITW_OFF",
          "AddPrev": false,
          "UtcLod": false,
          "AlphaSel": "ITBA_OFF"
        },
        {
          "TevStage": "TevStage0",
          "IndTexFormat": "ITF_8",
          "IndTexBiasSel": "ITB_S",
          "IndTexMtxId": "ITM_OFF",
          "IndTexWrapS": "ITW_OFF",
          "IndTexWrapT": "ITW_OFF",
          "AddPrev": false,
          "UtcLod": false,
          "AlphaSel": "ITBA_OFF"
        },
        {
          "TevStage": "TevStage0",
          "IndTexFormat": "ITF_8",
          "IndTexBiasSel": "ITB_S",
          "IndTexMtxId": "ITM_OFF",
          "IndTexWrapS": "ITW_OFF",
          "IndTexWrapT": "ITW_OFF",
          "AddPrev": false,
          "UtcLod": false,
          "AlphaSel": "ITBA_OFF"
        },
        {
          "TevStage": "TevStage0",
          "IndTexFormat": "ITF_8",
          "IndTexBiasSel": "ITB_S",
          "IndTexMtxId": "ITM_OFF",
          "IndTexWrapS": "ITW_OFF",
          "IndTexWrapT": "ITW_OFF",
          "AddPrev": false,
          "UtcLod": false,
          "AlphaSel": "ITBA_OFF"
        },
        {
          "TevStage": "TevStage0",
          "IndTexFormat": "ITF_8",
          "IndTexBiasSel": "ITB_S",
          "IndTexMtxId": "ITM_OFF",
          "IndTexWrapS": "ITW_OFF",
          "IndTexWrapT": "ITW_OFF",
          "AddPrev": false,
          "UtcLod": false,
          "AlphaSel": "ITBA_OFF"
        },
        {
          "TevStage": "TevStage0",
          "IndTexFormat": "ITF_8",
          "IndTexBiasSel": "ITB_S",
          "IndTexMtxId": "ITM_OFF",
          "IndTexWrapS": "ITW_OFF",
          "IndTexWrapT": "ITW_OFF",
          "AddPrev": false,
          "UtcLod": false,
          "AlphaSel": "ITBA_OFF"
        },
        {
          "TevStage": "TevStage0",
          "IndTexFormat": "ITF_8",
          "IndTexBiasSel": "ITB_S",
          "IndTexMtxId": "ITM_OFF",
          "IndTexWrapS": "ITW_OFF",
          "IndTexWrapT": "ITW_OFF",
          "AddPrev": false,
          "UtcLod": false,
          "AlphaSel": "ITBA_OFF"
        },
        {
          "TevStage": "TevStage0",
          "IndTexFormat": "ITF_8",
          "IndTexBiasSel": "ITB_S",
          "IndTexMtxId": "ITM_OFF",
          "IndTexWrapS": "ITW_OFF",
          "IndTexWrapT": "ITW_OFF",
          "AddPrev": false,
          "UtcLod": false,
          "AlphaSel": "ITBA_OFF"
        },
        {
          "TevStage": "TevStage0",
          "IndTexFormat": "ITF_8",
          "IndTexBiasSel": "ITB_S",
          "IndTexMtxId": "ITM_OFF",
          "IndTexWrapS": "ITW_OFF",
          "IndTexWrapT": "ITW_OFF",
          "AddPrev": false,
          "UtcLod": false,
          "AlphaSel": "ITBA_OFF"
        },
        {
          "TevStage": "TevStage0",
          "IndTexFormat": "ITF_8",
          "IndTexBiasSel": "ITB_S",
          "IndTexMtxId": "ITM_OFF",
          "IndTexWrapS": "ITW_OFF",
          "IndTexWrapT": "ITW_OFF",
          "AddPrev": false,
          "UtcLod": false,
          "AlphaSel": "ITBA_OFF"
        }
      ]
    },
    "MaterialColors": [
      {
        "R": 0.8,
        "G": 0.8,
        "B": 0.8,
        "A": 1.0
      },
      {
        "R": 0.8,
        "G": 0.8,
        "B": 0.8,
        "A": 1.0
      }
    ],
    "ChannelControls": [
      {
        "Enable": false,
        "MaterialSrcColor": "Vertex",
        "LitMask": "None",
        "DiffuseFunction": "Clamp",
        "AttenuationFunction": "Spec",
        "AmbientSrcColor": "Register"
      },
      {
        "Enable": false,
        "MaterialSrcColor": "Register",
        "LitMask": "None",
        "DiffuseFunction": "Clamp",
        "AttenuationFunction": "Spec",
        "AmbientSrcColor": "Register"
      },
      {
        "Enable": true,
        "MaterialSrcColor": "Register",
        "LitMask": "None",
        "DiffuseFunction": "Signed",
        "AttenuationFunction": "None_0",
        "AmbientSrcColor": "Register"
      },
      {
        "Enable": false,
        "MaterialSrcColor": "Register",
        "LitMask": "None",
        "DiffuseFunction": "None",
        "AttenuationFunction": "None_2",
        "AmbientSrcColor": "Register"
      }
    ],
    "AmbientColors": [
      {
        "R": 0.392156869,
        "G": 0.392156869,
        "B": 0.392156869,
        "A": 0.7647059
      },
      {
        "R": 0.0,
        "G": 0.0,
        "B": 0.0,
        "A": 0.0
      }
    ],
    "LightingColors": [
      null,
      null,
      null,
      null,
      null,
      null,
      null,
      null
    ],
    "TexCoord1Gens": [
      {
        "Type": "Matrix2x4",
        "Source": "Tex0",
        "TexMatrixSource": "TexMtx0"
      },
      {
        "Type": "Matrix2x4",
        "Source": "Tex0",
        "TexMatrixSource": "TexMtx1"
      },
      {
        "Type": "Matrix2x4",
        "Source": "Tex0",
        "TexMatrixSource": "TexMtx2"
      },
      null,
      null,
      null,
      null,
      null
    ],
    "PostTexCoordGens": [
      null,
      null,
      null,
      null,
      null,
      null,
      null,
      null
    ],
    "TexMatrix1": [
      {
        "Projection": "Matrix2x4",
        "Type": 0,
        "EffectTranslation": [
          0.5,
          0.5,
          0.5
        ],
        "Scale": [
          2.0,
          2.0
        ],
        "Rotation": -80.0079346,
        "Translation": [
          0.0,
          0.0233333353
        ],
        "ProjectionMatrix": [
          [
            1.0,
            0.0,
            0.0,
            0.0
          ],
          [
            0.0,
            1.0,
            0.0,
            0.0
          ],
          [
            0.0,
            0.0,
            1.0,
            0.0
          ],
          [
            0.0,
            0.0,
            0.0,
            1.0
          ]
        ]
      },
      {
        "Projection": "Matrix2x4",
        "Type": 0,
        "EffectTranslation": [
          0.5,
          0.5,
          0.5
        ],
        "Scale": [
          1.0,
          1.0
        ],
        "Rotation": 0.0,
        "Translation": [
          -0.345833331,
          0.0
        ],
        "ProjectionMatrix": [
          [
            1.0,
            0.0,
            0.0,
            0.0
          ],
          [
            0.0,
            1.0,
            0.0,
            0.0
          ],
          [
            0.0,
            0.0,
            1.0,
            0.0
          ],
          [
            0.0,
            0.0,
            0.0,
            1.0
          ]
        ]
      },
      {
        "Projection": "Matrix2x4",
        "Type": 0,
        "EffectTranslation": [
          0.5,
          0.5,
          0.5
        ],
        "Scale": [
          3.0,
          3.0
        ],
        "Rotation": 0.0,
        "Translation": [
          -0.414387465,
          -0.414387465
        ],
        "ProjectionMatrix": [
          [
            1.0,
            0.0,
            0.0,
            0.0
          ],
          [
            0.0,
            1.0,
            0.0,
            0.0
          ],
          [
            0.0,
            0.0,
            1.0,
            0.0
          ],
          [
            0.0,
            0.0,
            0.0,
            1.0
          ]
        ]
      },
      null,
      null,
      null,
      null,
      null,
      null,
      null
    ],
    "PostTexMatrix": [
      null,
      null,
      null,
      null,
      null,
      null,
      null,
      null,
      null,
      null,
      null,
      null,
      null,
      null,
      null,
      null,
      null,
      null,
      null,
      null
    ],
    "TevOrders": [
      {
        "TexCoord": "TexCoord0",
        "TexMap": "TexMap0",
        "ChannelId": "Color0A0"
      },
      {
        "TexCoord": "TexCoord1",
        "TexMap": "TexMap1",
        "ChannelId": "Color0A0"
      },
      {
        "TexCoord": "Null",
        "TexMap": "Null",
        "ChannelId": "Color0A0"
      },
      null,
      null,
      null,
      null,
      null,
      null,
      null,
      null,
      null,
      null,
      null,
      null,
      null
    ],
    "ColorSels": [
      "KCSel_K0",
      "KCSel_K1",
      "KCSel_K0",
      "KCSel_K0",
      "KCSel_K0",
      "KCSel_K0",
      "KCSel_K0",
      "KCSel_K0",
      "KCSel_K0",
      "KCSel_K0",
      "KCSel_K0",
      "KCSel_K0",
      "KCSel_K0",
      "KCSel_K0",
      "KCSel_K0",
      "KCSel_K0"
    ],
    "AlphaSels": [
      "KASel_K0_A",
      "KASel_K0_A",
      "KASel_K0_A",
      "KASel_K0_A",
      "KASel_K0_A",
      "KASel_K0_A",
      "KASel_K0_A",
      "KASel_K0_A",
      "KASel_K0_A",
      "KASel_K0_A",
      "KASel_K0_A",
      "KASel_K0_A",
      "KASel_K0_A",
      "KASel_K0_A",
      "KASel_K0_A",
      "KASel_K0_A"
    ],
    "TevColors": [
      {
        "R": 0.109803922,
        "G": 0.0627451,
        "B": 0.0,
        "A": 1.0
      },
      {
        "R": 1.0,
        "G": 1.0,
        "B": 1.0,
        "A": 1.0
      },
      {
        "R": 1.0,
        "G": 1.0,
        "B": 1.0,
        "A": 1.0
      },
      {
        "R": 0.0,
        "G": 0.0,
        "B": 0.0,
        "A": 0.0
      },
      null,
      null,
      null,
      null,
      null,
      null,
      null,
      null,
      null,
      null,
      null,
      null
    ],
    "KonstColors": [
      {
        "R": 1.0,
        "G": 0.635294139,
        "B": 0.0,
        "A": 0.0
      },
      {
        "R": 0.0,
        "G": 0.0,
        "B": 0.0,
        "A": 1.0
      },
      {
        "R": 1.0,
        "G": 1.0,
        "B": 1.0,
        "A": 1.0
      },
      {
        "R": 1.0,
        "G": 1.0,
        "B": 1.0,
        "A": 1.0
      }
    ],
    "TevStages": [
      {
        "ColorInA": "Konst",
        "ColorInB": "C0",
        "ColorInC": "TexColor",
        "ColorInD": "Zero",
        "ColorOp": "Add",
        "ColorBias": "Zero",
        "ColorScale": "Scale_2",
        "ColorClamp": true,
        "ColorRegId": "TevPrev",
        "AlphaInA": "TexAlpha",
        "AlphaInB": "Zero",
        "AlphaInC": "Zero",
        "AlphaInD": "Zero",
        "AlphaOp": "Add",
        "AlphaBias": "Zero",
        "AlphaScale": "Scale_1",
        "AlphaClamp": true,
        "AlphaRegId": "TevPrev"
      },
      {
        "ColorInA": "TexColor",
        "ColorInB": "ColorPrev",
        "ColorInC": "AlphaPrev",
        "ColorInD": "Konst",
        "ColorOp": "Add",
        "ColorBias": "Zero",
        "ColorScale": "Scale_1",
        "ColorClamp": true,
        "ColorRegId": "TevPrev",
        "AlphaInA": "Zero",
        "AlphaInB": "Zero",
        "AlphaInC": "Zero",
        "AlphaInD": "Zero",
        "AlphaOp": "Add",
        "AlphaBias": "Zero",
        "AlphaScale": "Scale_1",
        "AlphaClamp": false,
        "AlphaRegId": "TevPrev"
      },
      {
        "ColorInA": "Zero",
        "ColorInB": "ColorPrev",
        "ColorInC": "RasColor",
        "ColorInD": "Zero",
        "ColorOp": "Add",
        "ColorBias": "Zero",
        "ColorScale": "Scale_1",
        "ColorClamp": false,
        "ColorRegId": "TevPrev",
        "AlphaInA": "RasAlpha",
        "AlphaInB": "Zero",
        "AlphaInC": "Zero",
        "AlphaInD": "Zero",
        "AlphaOp": "Add",
        "AlphaBias": "Zero",
        "AlphaScale": "Scale_1",
        "AlphaClamp": false,
        "AlphaRegId": "TevPrev"
      },
      null,
      null,
      null,
      null,
      null,
      null,
      null,
      null,
      null,
      null,
      null,
      null,
      null
    ],
    "SwapModes": [
      {
        "RasSel": 0,
        "TexSel": 0
      },
      {
        "RasSel": 0,
        "TexSel": 0
      },
      {
        "RasSel": 0,
        "TexSel": 0
      },
      null,
      null,
      null,
      null,
      null,
      null,
      null,
      null,
      null,
      null,
      null,
      null,
      null
    ],
    "SwapTables": [
      {
        "R": 0,
        "G": 1,
        "B": 2,
        "A": 3
      },
      {
        "R": 0,
        "G": 1,
        "B": 2,
        "A": 3
      },
      {
        "R": 0,
        "G": 1,
        "B": 2,
        "A": 3
      },
      {
        "R": 0,
        "G": 1,
        "B": 2,
        "A": 3
      },
      null,
      null,
      null,
      null,
      null,
      null,
      null,
      null,
      null,
      null,
      null,
      null
    ],
    "FogInfo": {
      "Type": 0,
      "Enable": false,
      "Center": 0,
      "StartZ": 0.0,
      "EndZ": 0.0,
      "NearZ": 0.0,
      "FarZ": 0.0,
      "Color": {
        "R": 1.0,
        "G": 1.0,
        "B": 1.0,
        "A": 1.0
      },
      "RangeAdjustmentTable": [
        0.0,
        0.0,
        0.0,
        0.0,
        0.0,
        0.0,
        0.0,
        0.0,
        0.0,
        0.0
      ]
    },
    "AlphCompare": {
      "Comp0": "Always",
      "Reference0": 0,
      "Operation": "Or",
      "Comp1": "Always",
      "Reference1": 0
    },
    "BMode": {
      "Type": "None",
      "SourceFact": "One",
      "DestinationFact": "Zero",
      "Operation": "Copy"
    },
    "ZMode": {
      "Enable": true,
      "Function": "LEqual",
      "UpdateEnable": true
    },
    "NBTScale": {
      "Unknown1": 0,
      "Scale": [
        1.0,
        1.0,
        1.0
      ]
    }
  }
]