[
  {
    "Name": "__MatDefault",
    "Flag": 1,
    "ColorChannelControlsCount": 2,
    "NumTexGensCount": 2,
    "NumTevStagesCount": 2,
    "TextureNames": [
      "", 
      "toontexture",
      "",
      "",
      "",
      "",
      "",
      ""
    ],
    "IndTexEntry": null,
    "CullMode": "None",
    "MaterialColors": [
      {
        "R": 1.0,
        "G": 1.0,
        "B": 1.0,
        "A": 1.0
      },
      {
        "R": 1.0,
        "G": 1.0,
        "B": 1.0,
        "A": 1.0
      }
    ],
    "ChannelControls": [
      {
        "Enable": true,
        "MaterialSrcColor": "Register",
        "LitMask": 3,
        "DiffuseFunction": "Signed",
        "AttenuationFunction": "Spec",
        "AmbientSrcColor": "Register"
      },
      {
        "Enable": false,
        "MaterialSrcColor": "Register",
        "LitMask": "None",
        "DiffuseFunction": "Clamp",
        "AttenuationFunction": "Spec",
        "AmbientSrcColor": "Register"
      },
      {
        "Enable": true,
        "MaterialSrcColor": "Register",
        "LitMask": "Light2",
        "DiffuseFunction": "Signed",
        "AttenuationFunction": "None_0",
        "AmbientSrcColor": "Register"
      },
      {
        "Enable": false,
        "MaterialSrcColor": "Register",
        "LitMask": "None",
        "DiffuseFunction": "None",
        "AttenuationFunction": "None_2",
        "AmbientSrcColor": "Register"
      }
    ],
    "AmbientColors": [
      {
        "R": 0.5019608,
        "G": 0.5019608,
        "B": 0.5019608,
        "A": 0.196078435
      },
      {
        "R": 0.0,
        "G": 0.0,
        "B": 0.0,
        "A": 0.0
      }
    ],
    "LightingColors": [
      null,
      null,
      null,
      null,
      null,
      null,
      null,
      null
    ],
    "TexCoord1Gens": [
      {
        "Type": "Matrix2x4",
        "Source": "Tex0",
        "TexMatrixSource": "TexMtx0"
      },
      {
        "Type": "SRTG",
        "Source": "Color0",
        "TexMatrixSource": "Identity"
      },
      null,
      null,
      null,
      null,
      null,
      null
    ],
    "PostTexCoordGens": [
      null,
      null,
      null,
      null,
      null,
      null,
      null,
      null
    ],
    "TexMatrix1": [
      {
        "Projection": "Matrix2x4",
        "Type": 0,
        "EffectTranslation": [
          0.5,
          0.5,
          0.0
        ],
        "Scale": [
          1.0,
          1.0
        ],
        "Rotation": 0.0,
        "Translation": [
          0.0,
          0.0
        ],
        "ProjectionMatrix": [
          [
            1.0,
            0.0,
            0.0,
            0.0
          ],
          [
            0.0,
            1.0,
            0.0,
            0.0
          ],
          [
            0.0,
            0.0,
            1.0,
            0.0
          ],
          [
            0.0,
            0.0,
            0.0,
            1.0
          ]
        ],
        "pad1": -1,
        "pad2": -1
      },
      null,
      null,
      null,
      null,
      null,
      null,
      null,
      null,
      null
    ],
    "PostTexMatrix": [
      null,
      null,
      null,
      null,
      null,
      null,
      null,
      null,
      null,
      null,
      null,
      null,
      null,
      null,
      null,
      null,
      null,
      null,
      null,
      null
    ],
    "TevOrders": [
      {
        "TexCoord": "TexCoord1",
        "TexMap": "TexMap1",
        "ChannelId": 4
      },
      {
        "TexCoord": "TexCoord0",
        "TexMap": "TexMap0",
        "ChannelId": 5
      },
      null,
      null,
      null,
      null,
      null,
      null,
      null,
      null,
      null,
      null,
      null,
      null,
      null,
      null
    ],
    "ColorSels": [
      "KCSel_5_8",
      "KCSel_1_2",
      "KCSel_3_8",
      "KCSel_K0",
      "KCSel_K0",
      "KCSel_K0",
      "KCSel_K0",
      "KCSel_K0",
      "KCSel_K0",
      "KCSel_K0",
      "KCSel_K0",
      "KCSel_K0",
      "KCSel_K0",
      "KCSel_K0",
      "KCSel_K0",
      "KCSel_K0"
    ],
    "AlphaSels": [
      "KASel_K0_A",
      "KASel_K0_A",
      "KASel_K0_A",
      "KASel_K0_A",
      "KASel_K0_A",
      "KASel_K0_A",
      "KASel_K0_A",
      "KASel_K0_A",
      "KASel_K0_A",
      "KASel_K0_A",
      "KASel_K0_A",
      "KASel_K0_A",
      "KASel_K0_A",
      "KASel_K0_A",
      "KASel_K0_A",
      "KASel_K0_A"
    ],
    "TevColors": [
      {
        "R": 0.5882353,
        "G": 0.5882353,
        "B": 0.7058824,
        "A": 0.6313726
      },
      {
        "R": 0.6156863,
        "G": 0.6313726,
        "B": 0.6627451,
        "A": 1.0
      },
      {
        "R": 1.0,
        "G": 1.0,
        "B": 1.0,
        "A": 1.0
      },
      {
        "R": 0.0,
        "G": 0.0,
        "B": 0.0,
        "A": 0.0
      },
      null,
      null,
      null,
      null,
      null,
      null,
      null,
      null,
      null,
      null,
      null,
      null
    ],
    "KonstColors": [
      {
        "R": 0.298039228,
        "G": 0.423529416,
        "B": 0.380392164,
        "A": 1.0
      },
      {
        "R": 1.0,
        "G": 1.0,
        "B": 1.0,
        "A": 1.0
      },
      {
        "R": 1.0,
        "G": 1.0,
        "B": 1.0,
        "A": 1.0
      },
      {
        "R": 1.0,
        "G": 1.0,
        "B": 1.0,
        "A": 1.0
      }
    ],
    "TevStages": [
      {
        "ColorInA": "TexColor",
        "ColorInB": "RasColor",
        "ColorInC": "Konst",
        "ColorInD": "C0",
        "ColorOp": "Add",
        "ColorBias": "SubHalf",
        "ColorScale": "Scale_1",
        "ColorClamp": true,
        "ColorRegId": "TevPrev",
        "AlphaInA": "Zero",
        "AlphaInB": "Zero",
        "AlphaInC": "Zero",
        "AlphaInD": "RasAlpha",
        "AlphaOp": "Add",
        "AlphaBias": "Zero",
        "AlphaScale": "Scale_1",
        "AlphaClamp": true,
        "AlphaRegId": "TevPrev"
      },
      {
        "ColorInA": "ColorPrev",
        "ColorInB": "RasColor",
        "ColorInC": "Konst",
        "ColorInD": "TexColor",
        "ColorOp": "Add",
        "ColorBias": "SubHalf",
        "ColorScale": "Scale_1",
        "ColorClamp": true,
        "ColorRegId": "TevPrev",
        "AlphaInA": "TexAlpha",
        "AlphaInB": "Zero",
        "AlphaInC": "Zero",
        "AlphaInD": "Zero",
        "AlphaOp": "Add",
        "AlphaBias": "Zero",
        "AlphaScale": "Scale_1",
        "AlphaClamp": true,
        "AlphaRegId": "TevPrev"
      },
      null,
      null,
      null,
      null,
      null,
      null,
      null,
      null,
      null,
      null,
      null,
      null,
      null,
      null
    ],
    "SwapModes": [
      {
        "RasSel": 0,
        "TexSel": 0
      },
      {
        "RasSel": 0,
        "TexSel": 0
      },
      null,
      null,
      null,
      null,
      null,
      null,
      null,
      null,
      null,
      null,
      null,
      null,
      null,
      null
    ],
    "SwapTables": [
      {
        "R": 0,
        "G": 1,
        "B": 2,
        "A": 3
      },
      {
        "R": 0,
        "G": 1,
        "B": 2,
        "A": 3
      },
      {
        "R": 0,
        "G": 1,
        "B": 2,
        "A": 3
      },
      {
        "R": 0,
        "G": 1,
        "B": 2,
        "A": 3
      },
      {
        "R": 0,
        "G": 1,
        "B": 2,
        "A": 3
      },
      {
        "R": 0,
        "G": 1,
        "B": 2,
        "A": 3
      },
      {
        "R": 0,
        "G": 1,
        "B": 2,
        "A": 3
      },
      {
        "R": 0,
        "G": 1,
        "B": 2,
        "A": 3
      },
      {
        "R": 0,
        "G": 1,
        "B": 2,
        "A": 3
      },
      {
        "R": 0,
        "G": 1,
        "B": 2,
        "A": 3
      },
      {
        "R": 0,
        "G": 1,
        "B": 2,
        "A": 3
      },
      {
        "R": 0,
        "G": 1,
        "B": 2,
        "A": 3
      },
      {
        "R": 0,
        "G": 1,
        "B": 2,
        "A": 3
      },
      {
        "R": 0,
        "G": 1,
        "B": 2,
        "A": 3
      },
      {
        "R": 0,
        "G": 1,
        "B": 2,
        "A": 3
      },
      {
        "R": 0,
        "G": 1,
        "B": 2,
        "A": 3
      }
    ],
    "FogInfo": {
      "Type": 2,
      "Enable": false,
      "Center": 320,
      "StartZ": 199999.0,
      "EndZ": 200000.0,
      "NearZ": 10.0,
      "FarZ": 300000.0,
      "Color": {
        "R": 1.0,
        "G": 0.0,
        "B": 0.5019608,
        "A": 1.0
      },
      "RangeAdjustmentTable": [
        1.0,
        1.00390625,
        1.01171875,
        1.0234375,
        1.03515625,
        1.05078125,
        1.0703125,
        1.08984375,
        1.11328125,
        1.140625
      ]
    },
    "AlphCompare": {
      "Comp0": "Greater",
      "Reference0": 127,
      "Operation": "And",
      "Comp1": "Always",
      "Reference1": 0
    },
    "BMode": {
      "Type": "Blend",
      "SourceFact": "SrcAlpha",
      "DestinationFact": "InverseSrcAlpha",
      "Operation": "NoOp"
    },
    "ZMode": {
      "Enable": true,
      "Function": "LEqual",
      "UpdateEnable": true
    },
    "ZCompLoc": true,
    "Dither": false,
    "NBTScale": {
      "Unknown1": 0
    }
  }
]