{
    "loop_mode": 2,
    "angle_scale": 1,
    "duration": 1000,
    "unknown": "0x0",
    
    "animations": [
        {
            "material_name": "a_WaterBFMat",
            "material_texture_index": 0,
            "center": [0.5, 0.5, 0.5],
            
            "scale_u": [
                [0.0, 1.0, 0.0, 0.0]
            ],
            "scale_v": [
                [0.0, 1.0, 0.0, 0.0]
            ],
            "scale_w": [
                [0.0, 1.0, 0.0, 0.0]
            ],
            "rotation_u": [
                [0.0, 0.0, 0.0, 0.0]
            ],
            "rotation_v": [
                [0.0, 0.0, 0.0, 0.0]
            ],
            "rotation_w": [
                [0.0, 89.989013671875, 0.0, 0.0]
            ],
            "translation_u": [
                [0.0, 0.0, 0.0, 0.0010000000474974513],
                [1000.0, 1.0, 0.0010000000474974513, 0.0]
            ],
            "translation_v": [
                [0.0, 0.0, 0.0, 0.0010000000474974513],
                [1000.0, 1.0, 0.0010000000474974513, 0.0]
            ],
            "translation_w": [
                [0.0, 0.0, 0.0, 0.0],
                [1000.0, 0.0, 0.0, 0.0]
            ]
        },
        {
            "material_name": "a_WaterBFMat",
            "material_texture_index": 1,
            "center": [0.5, 0.5, 0.5],
            
            "scale_u": [
                [0.0, 1.100000023841858, 0.0, 0.0]
            ],
            "scale_v": [
                [0.0, 1.100000023841858, 0.0, 0.0]
            ],
            "scale_w": [
                [0.0, 1.0, 0.0, 0.0]
            ],
            "rotation_u": [
                [0.0, 0.0, 0.0, 0.0]
            ],
            "rotation_v": [
                [0.0, 0.0, 0.0, 0.0]
            ],
            "rotation_w": [
                [0.0, 0.0, 0.0, 0.0]
            ],
            "translation_u": [
                [0.0, 0.0, 0.0, 0.0],
                [1000.0, 0.0, 0.0, 0.0]
            ],
            "translation_v": [
                [0.0, 0.0, 0.0, 0.0010000000474974513],
                [1000.0, 1.0, 0.0010000000474974513, 0.0]
            ],
            "translation_w": [
                [0.0, 0.0, 0.0, 0.0],
                [1000.0, 0.0, 0.0, 0.0]
            ]
        },
        {
            "material_name": "b_WaterMat",
            "material_texture_index": 0,
            "center": [0.5, 0.5, 0.5],
            
            "scale_u": [
                [0.0, 1.0, 0.0, 0.0]
            ],
            "scale_v": [
                [0.0, 1.0, 0.0, 0.0]
            ],
            "scale_w": [
                [0.0, 1.0, 0.0, 0.0]
            ],
            "rotation_u": [
                [0.0, 0.0, 0.0, 0.0]
            ],
            "rotation_v": [
                [0.0, 0.0, 0.0, 0.0]
            ],
            "rotation_w": [
                [0.0, 89.989013671875, 0.0, 0.0]
            ],
            "translation_u": [
                [0.0, 0.0, 0.0, 0.0010000000474974513],
                [1000.0, 1.0, 0.0010000000474974513, 0.0]
            ],
            "translation_v": [
                [0.0, 0.0, 0.0, 0.0010000000474974513],
                [1000.0, 1.0, 0.0010000000474974513, 0.0]
            ],
            "translation_w": [
                [0.0, 0.0, 0.0, 0.0],
                [1000.0, 0.0, 0.0, 0.0]
            ]
        },
        {
            "material_name": "b_WaterMat",
            "material_texture_index": 1,
            "center": [0.5, 0.5, 0.5],
            
            "scale_u": [
                [0.0, 1.100000023841858, 0.0, 0.0]
            ],
            "scale_v": [
                [0.0, 1.100000023841858, 0.0, 0.0]
            ],
            "scale_w": [
                [0.0, 1.0, 0.0, 0.0]
            ],
            "rotation_u": [
                [0.0, 0.0, 0.0, 0.0]
            ],
            "rotation_v": [
                [0.0, 0.0, 0.0, 0.0]
            ],
            "rotation_w": [
                [0.0, 0.0, 0.0, 0.0]
            ],
            "translation_u": [
                [0.0, 0.0, 0.0, 0.0],
                [1000.0, 0.0, 0.0, 0.0]
            ],
            "translation_v": [
                [0.0, 0.0, 0.0, 0.0010000000474974513],
                [1000.0, 1.0, 0.0010000000474974513, 0.0]
            ],
            "translation_w": [
                [0.0, 0.0, 0.0, 0.0],
                [1000.0, 0.0, 0.0, 0.0]
            ]
        }
    ]
}
